<?xml version="1.0" encoding="UTF-8"?>
<project-private xmlns="http://www.netbeans.org/ns/project-private/1">
    <editor-bookmarks xmlns="http://www.netbeans.org/ns/editor-bookmarks/2" lastBookmarkId="0"/>
    <open-files xmlns="http://www.netbeans.org/ns/projectui-open-files/2">
        <group>
            <file>file:/C:/Users/hp/Documents/NetBeansProjects/Project/src/project/exam.java</file>
            <file>file:/C:/Users/hp/Documents/NetBeansProjects/Project/src/project/misc.java</file>
            <file>file:/C:/Users/hp/Documents/NetBeansProjects/Project/src/project/changepassword.java</file>
            <file>file:/C:/Users/hp/Documents/NetBeansProjects/Project/src/project/feereceipt.java</file>
            <file>file:/C:/Users/hp/Documents/NetBeansProjects/Project/src/project/mainproject.java</file>
            <file>file:/C:/Users/hp/Documents/NetBeansProjects/Project/src/project/student.java</file>
            <file>file:/C:/Users/hp/Documents/NetBeansProjects/Project/src/project/Parentframe.java</file>
            <file>file:/C:/Users/hp/Documents/NetBeansProjects/Project/src/project/things4.java</file>
            <file>file:/C:/Users/hp/Documents/NetBeansProjects/Project/src/project/fees.java</file>
            <file>file:/C:/Users/hp/Documents/NetBeansProjects/Project/src/project/staff.java</file>
            <file>file:/C:/Users/hp/Documents/NetBeansProjects/Project/src/project/Loginframe.java</file>
            <file>file:/C:/Users/hp/Documents/NetBeansProjects/Project/src/project/createadmin.java</file>
            <file>file:/C:/Users/hp/Documents/NetBeansProjects/Project/src/project/hallticket.java</file>
        </group>
    </open-files>
</project-private>
